<?xml version="1.0"?>
<schema version="0.2">
  <descr>Retrospect-GDS Database Schema v1.0.0</descr>
	<table name="children">
    <descr>Relates children to families</descr>
		<field name="famkey" type="C" size="20">
			<notnull />
    </field>
    <field name="indkey" type="C" size="20">
			<notnull />
    </field>
		<index name="famkey">
			<col>famkey</col>
		</index>
		<index name="indkey">
			<col>indkey</col>
		</index>
  </table>
	<table name="citation">
		<descr>Source citations</descr>
		<field name="factkey" type="C" size="20">
		 <notnull />
		</field>
		<field name="srckey" type="C" size="20">
			<notnull />
		</field>
		<field name="source" type="X">
			<notnull />
		</field>
		<field name="citekey" type="I">
			<key />
			<autoincrement />
			<notnull />
		</field>
		<index name="factkey">
			<col>factkey</col>
		</index>
	</table>
	<table name="comment">
		<field name="id" type="I">
			<key />
			<notnull />
			<autoincrement />
		</field>
		<field name="indkey" type="C" size="20">
			<notnull />
		</field>
		<field name="email" type="C" size="128">
			<notnull />
		</field>
		<field name="received" type="T" />
		<field name="comment" type="X">
			<notnull />
		</field>
		<field name="reviewed" type="L">
			<default value="0" />
		</field>
		<field name="visible" type="L">
			<default value="0" />
		</field>
		<index name="indkey">
			<col>indkey</col>
		</index>
	</table>
	<table name="fact">
		<field name="indfamkey" type="C" size="20">
			<notnull />
		</field>
		<field name="type" type="C" size="128">
			<notnull />
		</field>
		<field name="date_mod" type="C" size="2">
			<notnull />
		</field>
		<field name="date1" type="C" size="8">
			<notnull />
		</field>
		<field name="date2" type="C" size="8">
			<notnull />
		</field>
		<field name="date_str" type="C" size="128">
			<notnull />
		</field>
		<field name="place" type="C" size="250">
			<notnull />
		</field>
		<field name="comment" type="C" size="250">
			<notnull />
		</field>
		<field name="factkey" type="I">
			<key />
			<notnull />
		</field>
		<field name="notekey" type="C" size="20">
			<key />
		</field>
		<index name="indfamkey">
			<col>indfamkey</col>
		</index>
		<index name="type">
			<col>type</col>
		</index>
	</table>
	<table name="family">
		<field name="famkey" type="C" size="20">
			<key />
			<notnull />
		</field>
		<field name="spouse1" type="C" size="20">
			<notnull />
		</field>
		<field name="spouse2" type="C" size="20">
			<notnull />
		</field>
		<field name="beginstatus" type="C" size="128">
			<notnull />
		</field>
		<field name="endstatus" type="C" size="128">
			<notnull />
		</field>
		<field name="notekey" type="C" size="20">
			<notnull />
		</field>
		<index name="spouse1">
			<col>spouse1</col>
		</index>
		<index name="spouse2">
			<col>spouse2</col>
		</index>
	</table>
	<table name="indiv">
		<field name="indkey" type="C" size="20">
			<key />
			<notnull />
		</field>
		<field name="surname" type="C" size="128">
			<notnull />
		</field>
		<field name="givenname" type="C" size="128">
			<notnull />
		</field>
		<field name="aka" type="C" size="128">
			<notnull />
		</field>
		<field name="prefix" type="C" size="128">
			<notnull />
		</field>
		<field name="suffix" type="C" size="128">
			<notnull />
		</field>
		<field name="sex" type="C" size="1">
			<notnull />
		</field>
		<field name="refn" type="C" size="128">
			<notnull />
		</field>
		<field name="notekey" type="C" size="20">
			<notnull />
		</field>
		<index name="surname">
			<col>surname</col>
		</index>
		<index name="givenname">
			<col>givenname</col>
		</index>
		<index name="sex">
			<col>sex</col>
		</index>
	</table>
	<table name="language">
		<field name="lang_id" type="I">
			<key />
			<notnull />
			<autoincrement />
		</field>
		<field name="lang_code" type="C" size="5">
			<notnull /> 
		</field>
		<field name="lang_charset" type="C" size="20">
			<notnull />
		</field>	
		<field name="lang_name" type="C" size="20">
			<notnull />
		</field>
		<index name="lang_code">
			<col>lang_code</col>
		</index>
	</table>
	<table name="media">
		<field name="id" type="I">
			<key />
			<notnull />
			<autoincrement />
		</field>
		<field name="filename" type="C" size="128">
			<notnull />
		</field>
		<field name="caption" type="C" size="40">
			<notnull />
		</field>
		<field name="description" type="C" size="250">
			<notnull />
		</field>
	<index name="indfamkey">
		<col>indfamkey</col>
	</index>
	</table>
	<table name="note">
		<field name="notekey" type="C" size="20">
			<key />
			<notnull />
		</field>
		<field name="text" type="X">
			<notnull />
		</field>
	</table>
	<table name="options">
		<field name="opt_id" type="I">
			<key />
			<notnull />
			<autoincrement />
		</field>
		<field name="opt_key" type="C" size="20">
			<unique />
			<notnull />
		</field>
		<field name="opt_val" type="C" size="250">
			<notnull />
		</field>
		<index name="opt_key">
			<col>opt_key</col>
			<unique />
		</index>
		<index name="famkey">
			<col>famkey</col>
		</index>
	</table>
	<table name="source">
		<field name="srckey" type="C" size="20">
			<key />
			<notnull />
		</field>
		<field name="text" type="X">
			<notnull />
		</field>
		<field name="notekey" type="C" size="20">
			<notnull />
		</field>
	</table>
	<table name="user">
		<field name="id" type="I">
			<key />
			<notnull />
			<autoincrement />
		</field>
		<field name="uid" type="C" size="16">
			<notnull />
		</field>
		<field name="pwd" type="C" size="32">
			<notnull />
		</field>
		<field name="fullname" type="C" size="100">
			<notnull />
		</field>
		<field name="email" type="C" size="100">
			<notnull />
		</field>
		<field name="grp" type="I">
			<default value="1" />
			<notnull />
		</field>
		<field name="created" type ="T" />
		<field name="last" type ="T" />
		<field name="pwd_expired" type="L">
			<notnull />
		</field>
		<field name="enabled" type="L">
			<notnull />
		</field>
		<index name="uid">
			<col>uid</col>
			<unique />
		</index>
		<index name="pwd">
			<col>pwd</col>
		</index>
	</table>
	<table name="usertype">
		<field name="id" type="I">
			<key />
			<notnull />
			<autoincrement />
		</field>
		<field name="name" type="C" size="32">
			<notnull />
		</field>
	</table>
	<sql prefixmethod="auto">
		<descr>Create admin account with password "welcome"</descr>
		<query>INSERT INTO user VALUES ('1', 'admin', '40be4e59b9a2a2b5dffb918c0e86b3d7', 'Administrator', 'root@oo.com', 1, null, null, 1, 1)</query>
	</sql>
	<sql prefixmethod="auto">
		<descr>Add Site Administrator usertype</descr>
		<query>INSERT INTO usertype VALUES ('1', 'Site Administrator')</query>
	</sql>
	<sql prefixmethod="auto">
		<descr>Add 'default_lang' record to options table</descr>
		<query>INSERT INTO options VALUES ('', 'default_lang', 'en_US')</query>
	</sql>
	<sql prefixmethod="auto">
		<descr>Add 'allow_lang_change' record to options table</descr>
		<query>INSERT INTO options VALUES ('', 'allow_lang_change', '1')</query>
	</sql>
	<sql prefixmethod="auto">
		<descr>Add 'default_page' record to options table</descr>
		<query>INSERT INTO options VALUES ('', 'default_page', 'surnames')</query>
	</sql>
	<sql prefixmethod="auto">
		<descr>Add 'translate_dates' record to options table</descr>
		<query>INSERT INTO options VALUES ('', 'translate_dates', '1')</query>
	</sql>
	<sql prefixmethod="auto">
		<descr>Add 'debug' record to options table</descr>
		<query>INSERT INTO options VALUES ('', 'debug', '0')</query>
	</sql>
	<sql prefixmethod="auto">
		<descr>Add 'meta_copyright' record to options table</descr>
		<query>INSERT INTO options VALUES ('', 'meta_copyright', '')</query>
	</sql>
	<sql prefixmethod="auto">
		<descr>Add 'meta_keywords' record to options table</descr>
		<query>INSERT INTO options VALUES ('', 'meta_keywords', 'Genealogy,Family History')</query>
	</sql>
	<sql prefixmethod="auto">
		<descr>Add 'date_format' record to options table</descr>
		<query>INSERT INTO options VALUES ('', 'date_format', '1')</query>
	</sql>
	<sql prefixmethod="auto">
		<descr>Add 'sort_children' record to options table</descr>
		<query>INSERT INTO options VALUES ('', 'sort_children', '0')</query>
	</sql>
	<sql prefixmethod="auto">
		<descr>Add 'sort_marriages' record to options table</descr>
		<query>INSERT INTO options VALUES ('', 'sort_marriages', '0')</query>
	</sql>
	<sql prefixmethod="auto">
		<descr>Add 'sort_events' record to options table</descr>
		<query>INSERT INTO options VALUES ('', 'sort_events', '0')</query>
	</sql>
	<sql prefixmethod="auto">
		<descr>Add 'allow_comments' record to options table</descr>
		<query>INSERT INTO options VALUES ('', 'allow_comments', '1')</query>
	</sql>
	<sql prefixmethod="auto">
		<descr>Add 'gallery_plugin' record to options table</descr>
		<query>INSERT INTO options VALUES ('', 'gallery_plugin', '0')</query>
	</sql>
	<sql prefixmethod="auto">
		<descr>Add 'published_gedcom' record to options table</descr>
		<query>INSERT INTO options VALUES ('', 'published_gedcom', '')</query>
	</sql>
	<sql prefixmethod="auto">
		<descr>Add english language</descr>
		<query>INSERT INTO language VALUES ('1', 'en_US', 'utf-8', 'English')</query>
	</sql>
	<sql prefixmethod="auto">
		<descr>Add spanish language</descr>
		<query>INSERT INTO language VALUES ('2', 'es_ES', 'utf-8', 'Spanish')</query>
	</sql>
	<sql prefixmethod="auto">
		<descr>Add german language</descr>
		<query>INSERT INTO language VALUES ('3', 'de_DE', 'utf-8', 'German')</query>
	</sql>
	<sql prefixmethod="auto">
		<descr>Add dutch language</descr>
		<query>INSERT INTO language VALUES ('4', 'nl_NL', 'utf-8', 'Dutch')</query>
	</sql>
	<sql prefixmethod="auto">
		<descr>Add french language</descr>
		<query>INSERT INTO language VALUES ('5', 'fr_FR', 'utf-8', 'French')</query>
	</sql>
	<sql prefixmethod="auto">
	  <descr>Add polish language</descr>
	  <query>INSERT INTO language VALUES ('6', 'pl_PL', 'utf-8', 'Polish')</query>
	</sql>
	<sql prefixmethod="auto">
	  <descr>Add portuguese language</descr>
	  <query>INSERT INTO language VALUES ('7', 'pt_BR', 'utf-8', 'Portuguese')</query>
	</sql>
	<sql prefixmethod="auto">
	  <descr>Add norwegian language</descr>
	  <query>INSERT INTO language VALUES ('8', 'no_NB', 'utf-8', 'Norwegian')</query>
	</sql>
	<sql prefixmethod="auto">
	  <descr>Add hebrew language</descr>
	  <query>INSERT INTO language VALUES ('9', 'he_IL', 'utf-8', 'Hebrew')</query>
	</sql>
	<sql prefixmethod="auto">
	  <descr>Add swedish language</descr>
	  <query>INSERT INTO language VALUES ('10', 'sv_SE', 'utf-8', 'Swedish')</query>
	</sql>
</schema>